row,Month,Investment,Period,Profit,Company
0,June,954.82,1,0,Google
1,June,954.82,2,0,Google
2,June,954.82,3,0,Google
3,June,954.82,4,1,Google
4,June,954.82,5,1,Google
5,June,954.82,6,1,Google
6,June,954.82,7,1,Google
7,June,954.82,8,1,Google
8,June,954.82,9,1,Google
9,June,954.82,10,1,Google
10,June,954.82,11,1,Google
11,June,954.82,12,1,Google
12,July,940.37,1,0,Google
13,July,940.37,2,0,Google
14,July,940.37,3,1,Google
15,July,940.37,4,1,Google
16,July,940.37,5,1,Google
17,July,940.37,6,1,Google
18,July,940.37,7,1,Google
19,July,940.37,8,1,Google
20,July,940.37,9,1,Google
21,July,940.37,10,1,Google
22,July,940.37,11,1,Google
23,July,940.37,12,1,Google
24,August,920.78,1,1,Google
25,August,920.78,2,1,Google
26,August,920.78,3,1,Google
27,August,920.78,4,1,Google
28,August,920.78,5,1,Google
29,August,920.78,6,1,Google
30,August,920.78,7,1,Google
31,August,920.78,8,1,Google
32,August,920.78,9,1,Google
33,August,920.78,10,1,Google
34,August,920.78,11,1,Google
35,August,920.78,12,1,Google
36,September,931.59,1,1,Google
37,September,931.59,2,1,Google
38,September,931.59,3,1,Google
39,September,931.59,4,1,Google
40,September,931.59,5,1,Google
41,September,931.59,6,1,Google
42,September,931.59,7,1,Google
43,September,931.59,8,1,Google
44,September,931.59,9,1,Google
45,September,931.59,10,1,Google
46,September,931.59,11,1,Google
47,September,931.59,12,1,Google
48,October,984.73,1,1,Google
49,October,984.73,2,1,Google
50,October,984.73,3,1,Google
51,October,984.73,4,1,Google
52,October,984.73,5,1,Google
53,October,984.73,6,1,Google
54,October,984.73,7,1,Google
55,October,984.73,8,1,Google
56,October,984.73,9,1,Google
57,October,984.73,10,1,Google
58,October,984.73,11,1,Google
59,October,984.73,12,1,Google
60,November,1030.56,1,1,Google
61,November,1030.56,2,1,Google
62,November,1030.56,3,1,Google
63,November,1030.56,4,1,Google
64,November,1030.56,5,1,Google
65,November,1030.56,6,1,Google
66,November,1030.56,7,1,Google
67,November,1030.56,8,1,Google
68,November,1030.56,9,1,Google
69,November,1030.56,10,1,Google
70,November,1030.56,11,1,Google
71,November,1030.56,12,1,Google
72,December,1044.16,1,1,Google
73,December,1044.16,2,1,Google
74,December,1044.16,3,1,Google
75,December,1044.16,4,0,Google
76,December,1044.16,5,1,Google
77,December,1044.16,6,1,Google
78,December,1044.16,7,1,Google
79,December,1044.16,8,1,Google
80,December,1044.16,9,1,Google
81,December,1044.16,10,1,Google
82,December,1044.16,11,1,Google
83,December,1044.16,12,0,Google
84,January,1128.73,1,0,Google
85,January,1128.73,2,0,Google
86,January,1128.73,3,0,Google
87,January,1128.73,4,0,Google
88,January,1128.73,5,1,Google
89,January,1128.73,6,1,Google
90,January,1128.73,7,1,Google
91,January,1128.73,8,1,Google
92,January,1128.73,9,0,Google
93,January,1128.73,10,0,Google
94,January,1128.73,11,0,Google
95,January,1128.73,12,0,Google
96,February,1089.76,1,0,Google
97,February,1089.76,2,0,Google
98,February,1089.76,3,0,Google
99,February,1089.76,4,1,Google
100,February,1089.76,5,1,Google
101,February,1089.76,6,1,Google
102,February,1089.76,7,1,Google
103,February,1089.76,8,1,Google
104,February,1089.76,9,0,Google
105,February,1089.76,10,0,Google
106,February,1089.76,11,0,Google
107,February,1089.76,12,1,Google
108,March,1089.59,1,0,Google
109,March,1089.59,2,0,Google
110,March,1089.59,3,1,Google
111,March,1089.59,4,1,Google
112,March,1089.59,5,1,Google
113,March,1089.59,6,1,Google
114,March,1089.59,7,1,Google
115,March,1089.59,8,0,Google
116,March,1089.59,9,0,Google
117,March,1089.59,10,0,Google
118,March,1089.59,11,1,Google
119,March,1089.59,12,1,Google
120,April,1035.33,1,1,Google
121,April,1035.33,2,1,Google
122,April,1035.33,3,1,Google
123,April,1035.33,4,1,Google
124,April,1035.33,5,1,Google
125,April,1035.33,6,1,Google
126,April,1035.33,7,1,Google
127,April,1035.33,8,1,Google
128,April,1035.33,9,1,Google
129,April,1035.33,10,1,Google
130,April,1035.33,11,1,Google
131,April,1035.33,12,1,Google
132,May,1070.22,1,1,Google
133,May,1070.22,2,1,Google
134,May,1070.22,3,1,Google
135,May,1070.22,4,1,Google
136,May,1070.22,5,1,Google
137,May,1070.22,6,0,Google
138,May,1070.22,7,0,Google
139,May,1070.22,8,1,Google
140,May,1070.22,9,1,Google
141,May,1070.22,10,1,Google
142,May,1070.22,11,1,Google
143,May,1070.22,12,1,Google
144,June,1136.73,1,1,Google
145,June,1136.73,2,1,Google
146,June,1136.73,3,1,Google
147,June,1136.73,4,0,Google
148,June,1136.73,5,0,Google
149,June,1136.73,6,0,Google
150,June,1136.73,7,0,Google
151,June,1136.73,8,0,Google
152,June,1136.73,9,1,Google
153,June,1136.73,10,1,Google
154,June,1136.73,11,1,Google
155,June,1136.73,12,0,Google
156,July,1182.67,1,1,Google
157,July,1182.67,2,0,Google
158,July,1182.67,3,0,Google
159,July,1182.67,4,0,Google
160,July,1182.67,5,0,Google
161,July,1182.67,6,0,Google
162,July,1182.67,7,0,Google
163,July,1182.67,8,0,Google
164,July,1182.67,9,1,Google
165,July,1182.67,10,0,Google
166,July,1182.67,11,0,Google
167,July,1182.67,12,0,Google
168,August,1224.39,1,0,Google
169,August,1224.39,2,0,Google
170,August,1224.39,3,0,Google
171,August,1224.39,4,0,Google
172,August,1224.39,5,0,Google
173,August,1224.39,6,0,Google
174,August,1224.39,7,0,Google
175,August,1224.39,8,1,Google
176,August,1224.39,9,0,Google
177,August,1224.39,10,0,Google
178,August,1224.39,11,0,Google
179,August,1224.39,12,0,Google
180,September,1179.63,1,0,Google
181,September,1179.63,2,0,Google
182,September,1179.63,3,0,Google
183,September,1179.63,4,0,Google
184,September,1179.63,5,0,Google
185,September,1179.63,6,0,Google
186,September,1179.63,7,1,Google
187,September,1179.63,8,0,Google
188,September,1179.63,9,0,Google
189,September,1179.63,10,0,Google
190,September,1179.63,11,1,Google
191,September,1179.63,12,1,Google
192,October,1110.39,1,0,Google
193,October,1110.39,2,0,Google
194,October,1110.39,3,0,Google
195,October,1110.39,4,1,Google
196,October,1110.39,5,1,Google
197,October,1110.39,6,1,Google
198,October,1110.39,7,1,Google
199,October,1110.39,8,0,Google
200,October,1110.39,9,1,Google
201,October,1110.39,10,1,Google
202,October,1110.39,11,1,Google
203,October,1110.39,12,1,Google
204,November,1054.52,1,0,Google
205,November,1054.52,2,1,Google
206,November,1054.52,3,1,Google
207,November,1054.52,4,1,Google
208,November,1054.52,5,1,Google
209,November,1054.52,6,1,Google
210,November,1054.52,7,1,Google
211,November,1054.52,8,1,Google
212,November,1054.52,9,1,Google
213,November,1054.52,10,1,Google
214,November,1054.52,11,1,Google
215,November,1054.52,12,1,Google
216,December,1036.04,1,1,Google
217,December,1036.04,2,1,Google
218,December,1036.04,3,1,Google
219,December,1036.04,4,1,Google
220,December,1036.04,5,1,Google
221,December,1036.04,6,1,Google
222,December,1036.04,7,1,Google
223,December,1036.04,8,1,Google
224,December,1036.04,9,1,Google
225,December,1036.04,10,1,Google
226,December,1036.04,11,1,Google
227,December,1036.04,12,1,Google
228,January,1073.73,1,1,Google
229,January,1073.73,2,1,Google
230,January,1073.73,3,1,Google
231,January,1073.73,4,1,Google
232,January,1073.73,5,1,Google
233,January,1073.73,6,1,Google
234,January,1073.73,7,1,Google
235,January,1073.73,8,1,Google
236,January,1073.73,9,1,Google
237,January,1073.73,10,1,Google
238,January,1073.73,11,1,Google
239,January,1073.73,12,1,Google
240,February,1112.28,1,1,Google
241,February,1112.28,2,1,Google
242,February,1112.28,3,1,Google
243,February,1112.28,4,0,Google
244,February,1112.28,5,1,Google
245,February,1112.28,6,1,Google
246,February,1112.28,7,1,Google
247,February,1112.28,8,1,Google
248,February,1112.28,9,1,Google
249,February,1112.28,10,1,Google
250,February,1112.28,11,1,Google
251,February,1112.28,12,1,Google
252,March,1176.0,1,1,Google
253,March,1176.0,2,0,Google
254,March,1176.0,3,0,Google
255,March,1176.0,4,0,Google
256,March,1176.0,5,1,Google
257,March,1176.0,6,1,Google
258,March,1176.0,7,1,Google
259,March,1176.0,8,1,Google
260,March,1176.0,9,1,Google
261,March,1176.0,10,1,Google
262,March,1176.0,11,1,Google
263,March,1176.0,12,1,Google
264,April,1228.47,1,0,Google
265,April,1228.47,2,0,Google
266,April,1228.47,3,0,Google
267,April,1228.47,4,0,Google
268,April,1228.47,5,0,Google
269,April,1228.47,6,1,Google
270,April,1228.47,7,1,Google
271,April,1228.47,8,1,Google
272,April,1228.47,9,1,Google
273,April,1228.47,10,1,Google
274,April,1228.47,11,0,Google
275,April,1228.47,12,1,Google
276,May,1152.94,1,0,Google
277,May,1152.94,2,1,Google
278,May,1152.94,3,1,Google
279,May,1152.94,4,1,Google
280,May,1152.94,5,1,Google
281,May,1152.94,6,1,Google
282,May,1152.94,7,1,Google
283,May,1152.94,8,1,Google
284,May,1152.94,9,1,Google
285,May,1152.94,10,1,Google
286,May,1152.94,11,1,Google
287,May,1152.94,12,1,Google
288,June,1084.6,1,1,Google
289,June,1084.6,2,1,Google
290,June,1084.6,3,1,Google
291,June,1084.6,4,1,Google
292,June,1084.6,5,1,Google
293,June,1084.6,6,1,Google
294,June,1084.6,7,1,Google
295,June,1084.6,8,1,Google
296,June,1084.6,9,1,Google
297,June,1084.6,10,1,Google
298,June,1084.6,11,1,Google
299,July,1154.23,1,1,Google
300,July,1154.23,2,1,Google
301,July,1154.23,3,1,Google
302,July,1154.23,4,1,Google
303,July,1154.23,5,1,Google
304,July,1154.23,6,1,Google
305,July,1154.23,7,1,Google
306,July,1154.23,8,1,Google
307,July,1154.23,9,1,Google
308,July,1154.23,10,1,Google
309,August,1180.16,1,1,Google
310,August,1180.16,2,1,Google
311,August,1180.16,3,1,Google
312,August,1180.16,4,1,Google
313,August,1180.16,5,1,Google
314,August,1180.16,6,1,Google
315,August,1180.16,7,1,Google
316,August,1180.16,8,1,Google
317,August,1180.16,9,1,Google
318,September,1219.73,1,1,Google
319,September,1219.73,2,1,Google
320,September,1219.73,3,1,Google
321,September,1219.73,4,1,Google
322,September,1219.73,5,1,Google
323,September,1219.73,6,0,Google
324,September,1219.73,7,1,Google
325,September,1219.73,8,1,Google
326,October,1232.98,1,1,Google
327,October,1232.98,2,1,Google
328,October,1232.98,3,1,Google
329,October,1232.98,4,1,Google
330,October,1232.98,5,0,Google
331,October,1232.98,6,0,Google
332,October,1232.98,7,1,Google
333,November,1304.47,1,1,Google
334,November,1304.47,2,1,Google
335,November,1304.47,3,1,Google
336,November,1304.47,4,0,Google
337,November,1304.47,5,0,Google
338,November,1304.47,6,1,Google
339,December,1341.5,1,1,Google
340,December,1341.5,2,1,Google
341,December,1341.5,3,0,Google
342,December,1341.5,4,0,Google
343,December,1341.5,5,0,Google
344,January,1434.26,1,1,Google
345,January,1434.26,2,0,Google
346,January,1434.26,3,0,Google
347,January,1434.26,4,0,Google
348,February,1466.09,1,0,Google
349,February,1466.09,2,0,Google
350,February,1466.09,3,0,Google
351,March,1189.88,1,1,Google
352,March,1189.88,2,1,Google
353,April,1229.07,1,1,Google
0,June,157.015667,1,1,Netflix
1,June,157.015667,2,1,Netflix
2,June,157.015667,3,1,Netflix
3,June,157.015667,4,1,Netflix
4,June,157.015667,5,1,Netflix
5,June,157.015667,6,1,Netflix
6,June,157.015667,7,1,Netflix
7,June,157.015667,8,1,Netflix
8,June,157.015667,9,1,Netflix
9,June,157.015667,10,1,Netflix
10,June,157.015667,11,1,Netflix
11,June,157.015667,12,1,Netflix
12,July,167.796127,1,1,Netflix
13,July,167.796127,2,1,Netflix
14,July,167.796127,3,1,Netflix
15,July,167.796127,4,1,Netflix
16,July,167.796127,5,1,Netflix
17,July,167.796127,6,1,Netflix
18,July,167.796127,7,1,Netflix
19,July,167.796127,8,1,Netflix
20,July,167.796127,9,1,Netflix
21,July,167.796127,10,1,Netflix
22,July,167.796127,11,1,Netflix
23,July,167.796127,12,1,Netflix
24,August,172.041289,1,1,Netflix
25,August,172.041289,2,1,Netflix
26,August,172.041289,3,1,Netflix
27,August,172.041289,4,1,Netflix
28,August,172.041289,5,1,Netflix
29,August,172.041289,6,1,Netflix
30,August,172.041289,7,1,Netflix
31,August,172.041289,8,1,Netflix
32,August,172.041289,9,1,Netflix
33,August,172.041289,10,1,Netflix
34,August,172.041289,11,1,Netflix
35,August,172.041289,12,1,Netflix
36,September,181.038002,1,1,Netflix
37,September,181.038002,2,1,Netflix
38,September,181.038002,3,1,Netflix
39,September,181.038002,4,1,Netflix
40,September,181.038002,5,1,Netflix
41,September,181.038002,6,1,Netflix
42,September,181.038002,7,1,Netflix
43,September,181.038002,8,1,Netflix
44,September,181.038002,9,1,Netflix
45,September,181.038002,10,1,Netflix
46,September,181.038002,11,1,Netflix
47,September,181.038002,12,1,Netflix
48,October,194.770323,1,1,Netflix
49,October,194.770323,2,0,Netflix
50,October,194.770323,3,1,Netflix
51,October,194.770323,4,1,Netflix
52,October,194.770323,5,1,Netflix
53,October,194.770323,6,1,Netflix
54,October,194.770323,7,1,Netflix
55,October,194.770323,8,1,Netflix
56,October,194.770323,9,1,Netflix
57,October,194.770323,10,1,Netflix
58,October,194.770323,11,1,Netflix
59,October,194.770323,12,1,Netflix
60,November,195.265667,1,0,Netflix
61,November,195.265667,2,1,Netflix
62,November,195.265667,3,1,Netflix
63,November,195.265667,4,1,Netflix
64,November,195.265667,5,1,Netflix
65,November,195.265667,6,1,Netflix
66,November,195.265667,7,1,Netflix
67,November,195.265667,8,1,Netflix
68,November,195.265667,9,1,Netflix
69,November,195.265667,10,1,Netflix
70,November,195.265667,11,1,Netflix
71,November,195.265667,12,1,Netflix
72,December,188.444839,1,1,Netflix
73,December,188.444839,2,1,Netflix
74,December,188.444839,3,1,Netflix
75,December,188.444839,4,1,Netflix
76,December,188.444839,5,1,Netflix
77,December,188.444839,6,1,Netflix
78,December,188.444839,7,1,Netflix
79,December,188.444839,8,1,Netflix
80,December,188.444839,9,1,Netflix
81,December,188.444839,10,1,Netflix
82,December,188.444839,11,1,Netflix
83,December,188.444839,12,1,Netflix
84,January,230.865163,1,1,Netflix
85,January,230.865163,2,1,Netflix
86,January,230.865163,3,1,Netflix
87,January,230.865163,4,1,Netflix
88,January,230.865163,5,1,Netflix
89,January,230.865163,6,1,Netflix
90,January,230.865163,7,1,Netflix
91,January,230.865163,8,1,Netflix
92,January,230.865163,9,1,Netflix
93,January,230.865163,10,1,Netflix
94,January,230.865163,11,1,Netflix
95,January,230.865163,12,1,Netflix
96,February,271.380354,1,1,Netflix
97,February,271.380354,2,1,Netflix
98,February,271.380354,3,1,Netflix
99,February,271.380354,4,1,Netflix
100,February,271.380354,5,1,Netflix
101,February,271.380354,6,1,Netflix
102,February,271.380354,7,1,Netflix
103,February,271.380354,8,1,Netflix
104,February,271.380354,9,1,Netflix
105,February,271.380354,10,0,Netflix
106,February,271.380354,11,1,Netflix
107,February,271.380354,12,1,Netflix
108,March,311.330647,1,0,Netflix
109,March,311.330647,2,1,Netflix
110,March,311.330647,3,1,Netflix
111,March,311.330647,4,1,Netflix
112,March,311.330647,5,1,Netflix
113,March,311.330647,6,1,Netflix
114,March,311.330647,7,1,Netflix
115,March,311.330647,8,0,Netflix
116,March,311.330647,9,0,Netflix
117,March,311.330647,10,1,Netflix
118,March,311.330647,11,1,Netflix
119,March,311.330647,12,1,Netflix
120,April,307.740001,1,1,Netflix
121,April,307.740001,2,1,Netflix
122,April,307.740001,3,1,Netflix
123,April,307.740001,4,1,Netflix
124,April,307.740001,5,1,Netflix
125,April,307.740001,6,1,Netflix
126,April,307.740001,7,0,Netflix
127,April,307.740001,8,0,Netflix
128,April,307.740001,9,1,Netflix
129,April,307.740001,10,1,Netflix
130,April,307.740001,11,1,Netflix
131,April,307.740001,12,1,Netflix
132,May,331.907742,1,1,Netflix
133,May,331.907742,2,1,Netflix
134,May,331.907742,3,1,Netflix
135,May,331.907742,4,1,Netflix
136,May,331.907742,5,1,Netflix
137,May,331.907742,6,0,Netflix
138,May,331.907742,7,0,Netflix
139,May,331.907742,8,0,Netflix
140,May,331.907742,9,1,Netflix
141,May,331.907742,10,1,Netflix
142,May,331.907742,11,1,Netflix
143,May,331.907742,12,1,Netflix
144,June,383.512335,1,0,Netflix
145,June,383.512335,2,0,Netflix
146,June,383.512335,3,0,Netflix
147,June,383.512335,4,0,Netflix
148,June,383.512335,5,0,Netflix
149,June,383.512335,6,0,Netflix
150,June,383.512335,7,0,Netflix
151,June,383.512335,8,0,Netflix
152,June,383.512335,9,0,Netflix
153,June,383.512335,10,0,Netflix
154,June,383.512335,11,0,Netflix
155,June,383.512335,12,0,Netflix
156,July,381.754514,1,0,Netflix
157,July,381.754514,2,0,Netflix
158,July,381.754514,3,0,Netflix
159,July,381.754514,4,0,Netflix
160,July,381.754514,5,0,Netflix
161,July,381.754514,6,0,Netflix
162,July,381.754514,7,0,Netflix
163,July,381.754514,8,0,Netflix
164,July,381.754514,9,0,Netflix
165,July,381.754514,10,0,Netflix
166,July,381.754514,11,0,Netflix
167,July,381.754514,12,0,Netflix
168,August,344.937095,1,1,Netflix
169,August,344.937095,2,0,Netflix
170,August,344.937095,3,0,Netflix
171,August,344.937095,4,0,Netflix
172,August,344.937095,5,0,Netflix
173,August,344.937095,6,1,Netflix
174,August,344.937095,7,1,Netflix
175,August,344.937095,8,1,Netflix
176,August,344.937095,9,1,Netflix
177,August,344.937095,10,1,Netflix
178,August,344.937095,11,1,Netflix
179,August,344.937095,12,0,Netflix
180,September,363.011664,1,0,Netflix
181,September,363.011664,2,0,Netflix
182,September,363.011664,3,0,Netflix
183,September,363.011664,4,0,Netflix
184,September,363.011664,5,0,Netflix
185,September,363.011664,6,0,Netflix
186,September,363.011664,7,1,Netflix
187,September,363.011664,8,0,Netflix
188,September,363.011664,9,0,Netflix
189,September,363.011664,10,0,Netflix
190,September,363.011664,11,0,Netflix
191,September,363.011664,12,0,Netflix
192,October,334.260323,1,0,Netflix
193,October,334.260323,2,0,Netflix
194,October,334.260323,3,0,Netflix
195,October,334.260323,4,1,Netflix
196,October,334.260323,5,1,Netflix
197,October,334.260323,6,1,Netflix
198,October,334.260323,7,1,Netflix
199,October,334.260323,8,1,Netflix
200,October,334.260323,9,1,Netflix
201,October,334.260323,10,0,Netflix
202,October,334.260323,11,0,Netflix
203,October,334.260323,12,0,Netflix
204,November,289.152335,1,0,Netflix
205,November,363.011664,2,1,Netflix
206,November,363.011664,3,1,Netflix
207,November,363.011664,4,1,Netflix
208,November,363.011664,5,1,Netflix
209,November,363.011664,6,1,Netflix
210,November,363.011664,7,1,Netflix
211,November,363.011664,8,1,Netflix
212,November,363.011664,9,1,Netflix
213,November,363.011664,10,0,Netflix
214,November,363.011664,11,0,Netflix
215,November,363.011664,12,1,Netflix
216,December,264.229676,1,1,Netflix
217,December,264.229676,2,1,Netflix
218,December,264.229676,3,1,Netflix
219,December,264.229676,4,1,Netflix
220,December,264.229676,5,1,Netflix
221,December,264.229676,6,1,Netflix
222,December,264.229676,7,1,Netflix
223,December,264.229676,8,1,Netflix
224,December,264.229676,9,1,Netflix
225,December,264.229676,10,1,Netflix
226,December,264.229676,11,1,Netflix
227,December,264.229676,12,1,Netflix
228,January,324.950969,1,1,Netflix
229,January,324.950969,2,1,Netflix
230,January,324.950969,3,1,Netflix
231,January,324.950969,4,1,Netflix
232,January,324.950969,5,1,Netflix
233,January,324.950969,6,1,Netflix
234,January,324.950969,7,0,Netflix
235,January,324.950969,8,0,Netflix
236,January,324.950969,9,0,Netflix
237,January,324.950969,10,0,Netflix
238,January,324.950969,11,0,Netflix
239,January,324.950969,12,1,Netflix
240,February,354.572857,1,1,Netflix
241,February,354.572857,2,1,Netflix
242,February,354.572857,3,1,Netflix
243,February,354.572857,4,1,Netflix
244,February,354.572857,5,0,Netflix
245,February,354.572857,6,0,Netflix
246,February,354.572857,7,0,Netflix
247,February,354.572857,8,0,Netflix
248,February,354.572857,9,0,Netflix
249,February,354.572857,10,0,Netflix
250,February,354.572857,11,0,Netflix
251,February,354.572857,12,1,Netflix
252,March,358.71129,1,1,Netflix
253,March,358.71129,2,1,Netflix
254,March,358.71129,3,0,Netflix
255,March,358.71129,4,0,Netflix
256,March,358.71129,5,0,Netflix
257,March,358.71129,6,0,Netflix
258,March,358.71129,7,0,Netflix
259,March,358.71129,8,0,Netflix
260,March,358.71129,9,0,Netflix
261,March,358.71129,10,0,Netflix
262,March,358.71129,11,1,Netflix
263,March,358.71129,12,0,Netflix
264,April,365.102335,1,0,Netflix
265,April,365.102335,2,0,Netflix
266,April,365.102335,3,0,Netflix
267,April,365.102335,4,0,Netflix
268,April,365.102335,5,0,Netflix
269,April,365.102335,6,0,Netflix
270,April,365.102335,7,0,Netflix
271,April,365.102335,8,0,Netflix
272,April,365.102335,9,0,Netflix
273,April,365.102335,10,1,Netflix
274,April,365.102335,11,0,Netflix
275,April,365.102335,12,1,Netflix
276,May,360.390648,1,0,Netflix
277,May,360.390648,2,0,Netflix
278,May,360.390648,3,0,Netflix
279,May,360.390648,4,0,Netflix
280,May,360.390648,5,0,Netflix
281,May,360.390648,6,0,Netflix
282,May,360.390648,7,0,Netflix
283,May,360.390648,8,0,Netflix
284,May,360.390648,9,1,Netflix
285,May,360.390648,10,0,Netflix
286,May,360.390648,11,1,Netflix
287,May,360.390648,12,1,Netflix
288,June,356.437999,1,0,Netflix
289,June,356.437999,2,0,Netflix
290,June,356.437999,3,0,Netflix
291,June,356.437999,4,0,Netflix
292,June,356.437999,5,0,Netflix
293,June,356.437999,6,0,Netflix
294,June,356.437999,7,0,Netflix
295,June,356.437999,8,1,Netflix
296,June,356.437999,9,0,Netflix
297,June,356.437999,10,1,Netflix
298,June,356.437999,11,1,Netflix
299,July,351.879998,1,0,Netflix
300,July,351.879998,2,0,Netflix
301,July,351.879998,3,0,Netflix
302,July,351.879998,4,0,Netflix
303,July,351.879998,5,0,Netflix
304,July,351.879998,6,0,Netflix
305,July,351.879998,7,1,Netflix
306,July,351.879998,8,0,Netflix
307,July,351.879998,9,1,Netflix
308,July,351.879998,10,1,Netflix
309,August,303.437738,1,0,Netflix
310,August,303.437738,2,0,Netflix
311,August,303.437738,3,0,Netflix
312,August,303.437738,4,1,Netflix
313,August,303.437738,5,1,Netflix
314,August,303.437738,6,1,Netflix
315,August,303.437738,7,1,Netflix
316,August,303.437738,8,1,Netflix
317,August,303.437738,9,1,Netflix
318,September,282.090332,1,0,Netflix
319,September,282.090332,2,1,Netflix
320,September,282.090332,3,1,Netflix
321,September,282.090332,4,1,Netflix
322,September,282.090332,5,1,Netflix
323,September,282.090332,6,1,Netflix
324,September,282.090332,7,1,Netflix
325,September,282.090332,8,1,Netflix
326,October,277.461934,1,1,Netflix
327,October,277.461934,2,1,Netflix
328,October,277.461934,3,1,Netflix
329,October,277.461934,4,1,Netflix
330,October,277.461934,5,1,Netflix
331,October,277.461934,6,1,Netflix
332,October,277.461934,7,1,Netflix
333,November,299.362667,1,1,Netflix
334,November,299.362667,2,1,Netflix
335,November,299.362667,3,1,Netflix
336,November,299.362667,4,1,Netflix
337,November,299.362667,5,1,Netflix
338,November,299.362667,6,1,Netflix
339,December,316.071613,1,1,Netflix
340,December,316.071613,2,1,Netflix
341,December,316.071613,3,1,Netflix
342,December,316.071613,4,1,Netflix
343,December,316.071613,5,1,Netflix
344,January,337.880323,1,1,Netflix
345,January,337.880323,2,1,Netflix
346,January,337.880323,3,1,Netflix
347,January,337.880323,4,1,Netflix
348,February,372.40931,1,0,Netflix
349,February,372.40931,2,1,Netflix
350,February,372.40931,3,1,Netflix
351,March,350.722255,1,1,Netflix
352,March,350.722255,2,1,Netflix
353,April,400.736998,1,1,Netflix
0,June,991.424998,1,1,Amazon
1,June,991.424998,2,0,Amazon
2,June,991.424998,3,0,Amazon
3,June,991.424998,4,1,Amazon
4,June,991.424998,5,1,Amazon
5,June,991.424998,6,1,Amazon
6,June,991.424998,7,1,Amazon
7,June,991.424998,8,1,Amazon
8,June,991.424998,9,1,Amazon
9,June,991.424998,10,1,Amazon
10,June,991.424998,11,1,Amazon
11,June,991.424998,12,1,Amazon
12,July,1003.609676,1,0,Amazon
13,July,1003.609676,2,0,Amazon
14,July,1003.609676,3,1,Amazon
15,July,1003.609676,4,1,Amazon
16,July,1003.609676,5,1,Amazon
17,July,1003.609676,6,1,Amazon
18,July,1003.609676,7,1,Amazon
19,July,1003.609676,8,1,Amazon
20,July,1003.609676,9,1,Amazon
21,July,1003.609676,10,1,Amazon
22,July,1003.609676,11,1,Amazon
23,July,1003.609676,12,1,Amazon
24,August,969.730323,1,0,Amazon
25,August,969.730323,2,1,Amazon
26,August,969.730323,3,1,Amazon
27,August,969.730323,4,1,Amazon
28,August,969.730323,5,1,Amazon
29,August,969.730323,6,1,Amazon
30,August,969.730323,7,1,Amazon
31,August,969.730323,8,1,Amazon
32,August,969.730323,9,1,Amazon
33,August,969.730323,10,1,Amazon
34,August,969.730323,11,1,Amazon
35,August,969.730323,12,1,Amazon
36,September,969.717664,1,1,Amazon
37,September,969.717664,2,1,Amazon
38,September,969.717664,3,1,Amazon
39,September,969.717664,4,1,Amazon
40,September,969.717664,5,1,Amazon
41,September,969.717664,6,1,Amazon
42,September,969.717664,7,1,Amazon
43,September,969.717664,8,1,Amazon
44,September,969.717664,9,1,Amazon
45,September,969.717664,10,1,Amazon
46,September,969.717664,11,1,Amazon
47,September,969.717664,12,1,Amazon
48,October,1004.191928,1,1,Amazon
49,October,1004.191928,2,1,Amazon
50,October,1004.191928,3,1,Amazon
51,October,1004.191928,4,1,Amazon
52,October,1004.191928,5,1,Amazon
53,October,1004.191928,6,1,Amazon
54,October,1004.191928,7,1,Amazon
55,October,1004.191928,8,1,Amazon
56,October,1004.191928,9,1,Amazon
57,October,1004.191928,10,1,Amazon
58,October,1004.191928,11,1,Amazon
59,October,1004.191928,12,1,Amazon
60,November,1139.926335,1,1,Amazon
61,November,1139.926335,2,1,Amazon
62,November,1139.926335,3,1,Amazon
63,November,1139.926335,4,1,Amazon
64,November,1139.926335,5,1,Amazon
65,November,1139.926335,6,1,Amazon
66,November,1139.926335,7,1,Amazon
67,November,1139.926335,8,1,Amazon
68,November,1139.926335,9,1,Amazon
69,November,1139.926335,10,1,Amazon
70,November,1139.926335,11,1,Amazon
71,November,1139.926335,12,1,Amazon
72,December,1168.639668,1,1,Amazon
73,December,1168.639668,2,1,Amazon
74,December,1168.639668,3,1,Amazon
75,December,1168.639668,4,1,Amazon
76,December,1168.639668,5,1,Amazon
77,December,1168.639668,6,1,Amazon
78,December,1168.639668,7,1,Amazon
79,December,1168.639668,8,1,Amazon
80,December,1168.639668,9,1,Amazon
81,December,1168.639668,10,1,Amazon
82,December,1168.639668,11,1,Amazon
83,December,1168.639668,12,1,Amazon
84,January,1304.059346,1,1,Amazon
85,January,1304.059346,2,1,Amazon
86,January,1304.059346,3,1,Amazon
87,January,1304.059346,4,1,Amazon
88,January,1304.059346,5,1,Amazon
89,January,1304.059346,6,1,Amazon
90,January,1304.059346,7,1,Amazon
91,January,1304.059346,8,1,Amazon
92,January,1304.059346,9,1,Amazon
93,January,1304.059346,10,1,Amazon
94,January,1304.059346,11,1,Amazon
95,January,1304.059346,12,1,Amazon
96,February,1438.931052,1,1,Amazon
97,February,1438.931052,2,1,Amazon
98,February,1438.931052,3,1,Amazon
99,February,1438.931052,4,1,Amazon
100,February,1438.931052,5,1,Amazon
101,February,1438.931052,6,1,Amazon
102,February,1438.931052,7,1,Amazon
103,February,1438.931052,8,1,Amazon
104,February,1438.931052,9,1,Amazon
105,February,1438.931052,10,1,Amazon
106,February,1438.931052,11,1,Amazon
107,February,1438.931052,12,1,Amazon
108,March,1533.392271,1,0,Amazon
109,March,1533.392271,2,1,Amazon
110,March,1533.392271,3,1,Amazon
111,March,1533.392271,4,1,Amazon
112,March,1533.392271,5,1,Amazon
113,March,1533.392271,6,1,Amazon
114,March,1533.392271,7,1,Amazon
115,March,1533.392271,8,1,Amazon
116,March,1533.392271,9,1,Amazon
117,March,1533.392271,10,1,Amazon
118,March,1533.392271,11,1,Amazon
119,March,1533.392271,12,1,Amazon
120,April,1471.740995,1,1,Amazon
121,April,1471.740995,2,1,Amazon
122,April,1471.740995,3,1,Amazon
123,April,1471.740995,4,1,Amazon
124,April,1471.740995,5,1,Amazon
125,April,1471.740995,6,1,Amazon
126,April,1471.740995,7,1,Amazon
127,April,1471.740995,8,1,Amazon
128,April,1471.740995,9,1,Amazon
129,April,1471.740995,10,1,Amazon
130,April,1471.740995,11,1,Amazon
131,April,1471.740995,12,1,Amazon
132,May,1594.670646,1,1,Amazon
133,May,1594.670646,2,1,Amazon
134,May,1594.670646,3,1,Amazon
135,May,1594.670646,4,1,Amazon
136,May,1594.670646,5,1,Amazon
137,May,1594.670646,6,1,Amazon
138,May,1594.670646,7,0,Amazon
139,May,1594.670646,8,1,Amazon
140,May,1594.670646,9,1,Amazon
141,May,1594.670646,10,1,Amazon
142,May,1594.670646,11,1,Amazon
143,May,1594.670646,12,1,Amazon
144,June,1696.314673,1,1,Amazon
145,June,1696.314673,2,1,Amazon
146,June,1696.314673,3,1,Amazon
147,June,1696.314673,4,1,Amazon
148,June,1696.314673,5,0,Amazon
149,June,1696.314673,6,0,Amazon
150,June,1696.314673,7,0,Amazon
151,June,1696.314673,8,0,Amazon
152,June,1696.314673,9,1,Amazon
153,June,1696.314673,10,1,Amazon
154,June,1696.314673,11,1,Amazon
155,June,1696.314673,12,1,Amazon
156,July,1780.020965,1,1,Amazon
157,July,1780.020965,2,1,Amazon
158,July,1780.020965,3,0,Amazon
159,July,1780.020965,4,0,Amazon
160,July,1780.020965,5,0,Amazon
161,July,1780.020965,6,0,Amazon
162,July,1780.020965,7,0,Amazon
163,July,1780.020965,8,0,Amazon
164,July,1780.020965,9,1,Amazon
165,July,1780.020965,10,1,Amazon
166,July,1780.020965,11,1,Amazon
167,July,1780.020965,12,1,Amazon
168,August,1891.773556,1,1,Amazon
169,August,1891.773556,2,0,Amazon
170,August,1891.773556,3,0,Amazon
171,August,1891.773556,4,0,Amazon
172,August,1891.773556,5,0,Amazon
173,August,1891.773556,6,0,Amazon
174,August,1891.773556,7,0,Amazon
175,August,1891.773556,8,0,Amazon
176,August,1891.773556,9,0,Amazon
177,August,1891.773556,10,0,Amazon
178,August,1891.773556,11,1,Amazon
179,August,1891.773556,12,0,Amazon
180,September,1969.138326,1,0,Amazon
181,September,1969.138326,2,0,Amazon
182,September,1969.138326,3,0,Amazon
183,September,1969.138326,4,0,Amazon
184,September,1969.138326,5,0,Amazon
185,September,1969.138326,6,0,Amazon
186,September,1969.138326,7,0,Amazon
187,September,1969.138326,8,0,Amazon
188,September,1969.138326,9,0,Amazon
189,September,1969.138326,10,0,Amazon
190,September,1969.138326,11,0,Amazon
191,September,1969.138326,12,0,Amazon
192,October,1779.275493,1,0,Amazon
193,October,1779.275493,2,0,Amazon
194,October,1779.275493,3,0,Amazon
195,October,1779.275493,4,0,Amazon
196,October,1779.275493,5,0,Amazon
197,October,1779.275493,6,1,Amazon
198,October,1779.275493,7,1,Amazon
199,October,1779.275493,8,1,Amazon
200,October,1779.275493,9,1,Amazon
201,October,1779.275493,10,1,Amazon
202,October,1779.275493,11,1,Amazon
203,October,1779.275493,12,0,Amazon
204,November,1619.958354,1,0,Amazon
205,November,1619.958354,2,1,Amazon
206,November,1619.958354,3,1,Amazon
207,November,1619.958354,4,1,Amazon
208,November,1619.958354,5,1,Amazon
209,November,1619.958354,6,1,Amazon
210,November,1619.958354,7,1,Amazon
211,November,1619.958354,8,1,Amazon
212,November,1619.958354,9,1,Amazon
213,November,1619.958354,10,1,Amazon
214,November,1619.958354,11,1,Amazon
215,November,1619.958354,12,1,Amazon
216,December,1554.036775,1,1,Amazon
217,December,1554.036775,2,1,Amazon
218,December,1554.036775,3,1,Amazon
219,December,1554.036775,4,1,Amazon
220,December,1554.036775,5,1,Amazon
221,December,1554.036775,6,1,Amazon
222,December,1554.036775,7,1,Amazon
223,December,1554.036775,8,1,Amazon
224,December,1554.036775,9,1,Amazon
225,December,1554.036775,10,1,Amazon
226,December,1554.036775,11,1,Amazon
227,December,1554.036775,12,1,Amazon
228,January,1638.848066,1,0,Amazon
229,January,1638.848066,2,1,Amazon
230,January,1638.848066,3,1,Amazon
231,January,1638.848066,4,1,Amazon
232,January,1638.848066,5,1,Amazon
233,January,1638.848066,6,1,Amazon
234,January,1638.848066,7,1,Amazon
235,January,1638.848066,8,1,Amazon
236,January,1638.848066,9,1,Amazon
237,January,1638.848066,10,1,Amazon
238,January,1638.848066,11,1,Amazon
239,January,1638.848066,12,1,Amazon
240,February,1622.417136,1,1,Amazon
241,February,1622.417136,2,1,Amazon
242,February,1622.417136,3,1,Amazon
243,February,1622.417136,4,1,Amazon
244,February,1622.417136,5,1,Amazon
245,February,1622.417136,6,1,Amazon
246,February,1622.417136,7,1,Amazon
247,February,1622.417136,8,1,Amazon
248,February,1622.417136,9,1,Amazon
249,February,1622.417136,10,1,Amazon
250,February,1622.417136,11,1,Amazon
251,February,1622.417136,12,1,Amazon
252,March,1718.488714,1,1,Amazon
253,March,1718.488714,2,1,Amazon
254,March,1718.488714,3,1,Amazon
255,March,1718.488714,4,1,Amazon
256,March,1718.488714,5,1,Amazon
257,March,1718.488714,6,1,Amazon
258,March,1718.488714,7,1,Amazon
259,March,1718.488714,8,1,Amazon
260,March,1718.488714,9,1,Amazon
261,March,1718.488714,10,1,Amazon
262,March,1718.488714,11,1,Amazon
263,March,1718.488714,12,1,Amazon
264,April,1867.908663,1,1,Amazon
265,April,1867.908663,2,0,Amazon
266,April,1867.908663,3,1,Amazon
267,April,1867.908663,4,0,Amazon
268,April,1867.908663,5,0,Amazon
269,April,1867.908663,6,0,Amazon
270,April,1867.908663,7,0,Amazon
271,April,1867.908663,8,0,Amazon
272,April,1867.908663,9,1,Amazon
273,April,1867.908663,10,1,Amazon
274,April,1867.908663,11,1,Amazon
275,April,1867.908663,12,1,Amazon
276,May,1872.230642,1,0,Amazon
277,May,1872.230642,2,1,Amazon
278,May,1872.230642,3,0,Amazon
279,May,1872.230642,4,0,Amazon
280,May,1872.230642,5,0,Amazon
281,May,1872.230642,6,0,Amazon
282,May,1872.230642,7,0,Amazon
283,May,1872.230642,8,1,Amazon
284,May,1872.230642,9,1,Amazon
285,May,1872.230642,10,0,Amazon
286,May,1872.230642,11,1,Amazon
287,May,1872.230642,12,1,Amazon
288,June,1851.991675,1,1,Amazon
289,June,1851.991675,2,0,Amazon
290,June,1851.991675,3,0,Amazon
291,June,1851.991675,4,0,Amazon
292,June,1851.991675,5,0,Amazon
293,June,1851.991675,6,0,Amazon
294,June,1851.991675,7,1,Amazon
295,June,1851.991675,8,1,Amazon
296,June,1851.991675,9,1,Amazon
297,June,1851.991675,10,1,Amazon
298,June,1851.991675,11,1,Amazon
299,July,1964.882915,1,0,Amazon
300,July,1964.882915,2,0,Amazon
301,July,1964.882915,3,0,Amazon
302,July,1964.882915,4,0,Amazon
303,July,1964.882915,5,0,Amazon
304,July,1964.882915,6,0,Amazon
305,July,1964.882915,7,1,Amazon
306,July,1964.882915,8,0,Amazon
307,July,1964.882915,9,1,Amazon
308,July,1964.882915,10,1,Amazon
309,August,1792.953861,1,1,Amazon
310,August,1792.953861,2,0,Amazon
311,August,1792.953861,3,0,Amazon
312,August,1792.953861,4,0,Amazon
313,August,1792.953861,5,1,Amazon
314,August,1792.953861,6,1,Amazon
315,August,1792.953861,7,1,Amazon
316,August,1792.953861,8,1,Amazon
317,August,1792.953861,9,1,Amazon
318,September,1797.330664,1,0,Amazon
319,September,1797.330664,2,0,Amazon
320,September,1797.330664,3,0,Amazon
321,September,1797.330664,4,1,Amazon
322,September,1797.330664,5,1,Amazon
323,September,1797.330664,6,1,Amazon
324,September,1797.330664,7,1,Amazon
325,September,1797.330664,8,1,Amazon
326,October,1751.1113,1,1,Amazon
327,October,1751.1113010000001,2,1,Amazon
328,October,1751.111302,3,1,Amazon
329,October,1751.1113030000001,4,1,Amazon
330,October,1751.111304,5,1,Amazon
331,October,1751.1113050000001,6,1,Amazon
332,October,1751.1113059999998,7,1,Amazon
333,November,1774.341658,1,1,Amazon
334,November,1774.341658,2,1,Amazon
335,November,1774.341658,3,1,Amazon
336,November,1774.341658,4,1,Amazon
337,November,1774.341658,5,1,Amazon
338,November,1774.341658,6,1,Amazon
339,December,1788.029667,1,1,Amazon
340,December,1788.029667,2,1,Amazon
341,December,1788.029667,3,1,Amazon
342,December,1788.029667,4,1,Amazon
343,December,1788.029667,5,1,Amazon
344,January,1879.049348,1,1,Amazon
345,January,1879.049348,2,0,Amazon
346,January,1879.049348,3,1,Amazon
347,January,1879.049348,4,1,Amazon
348,February,2065.987254,1,0,Amazon
349,February,2065.987254,2,1,Amazon
350,February,2065.987254,3,1,Amazon
351,March,1869.004497,1,1,Amazon
352,March,1869.004497,2,1,Amazon
353,April,2210.490332,1,1,Amazon
0,June,147.831362,1,1,Apple
1,June,147.831362,2,1,Apple
2,June,147.831362,3,1,Apple
3,June,147.831362,4,1,Apple
4,June,147.831362,5,1,Apple
5,June,147.831362,6,1,Apple
6,June,147.831362,7,1,Apple
7,June,147.831362,8,1,Apple
8,June,147.831362,9,1,Apple
9,June,147.831362,10,1,Apple
10,June,147.831362,11,1,Apple
11,June,147.831362,12,1,Apple
12,July,148.2995,1,1,Apple
13,July,148.2995,2,1,Apple
14,July,148.2995,3,1,Apple
15,July,148.2995,4,1,Apple
16,July,148.2995,5,1,Apple
17,July,148.2995,6,1,Apple
18,July,148.2995,7,1,Apple
19,July,148.2995,8,1,Apple
20,July,148.2995,9,1,Apple
21,July,148.2995,10,1,Apple
22,July,148.2995,11,1,Apple
23,July,148.2995,12,1,Apple
24,August,159.021306,1,0,Apple
25,August,159.021306,2,0,Apple
26,August,159.021306,3,1,Apple
27,August,159.021306,4,1,Apple
28,August,159.021306,5,1,Apple
29,August,159.021306,6,1,Apple
30,August,159.021306,7,1,Apple
31,August,159.021306,8,1,Apple
32,August,159.021306,9,1,Apple
33,August,159.021306,10,1,Apple
34,August,159.021306,11,1,Apple
35,August,159.021306,12,1,Apple
36,September,157.6085,1,1,Apple
37,September,157.6085,2,1,Apple
38,September,157.6085,3,1,Apple
39,September,157.6085,4,1,Apple
40,September,157.6085,5,1,Apple
41,September,157.6085,6,1,Apple
42,September,157.6085,7,1,Apple
43,September,157.6085,8,1,Apple
44,September,157.6085,9,1,Apple
45,September,157.6085,10,1,Apple
46,September,157.6085,11,1,Apple
47,September,157.6085,12,1,Apple
48,October,157.817273,1,1,Apple
49,October,157.817273,2,1,Apple
50,October,157.817273,3,1,Apple
51,October,157.817273,4,1,Apple
52,October,157.817273,5,1,Apple
53,October,157.817273,6,1,Apple
54,October,157.817273,7,1,Apple
55,October,157.817273,8,1,Apple
56,October,157.817273,9,1,Apple
57,October,157.817273,10,1,Apple
58,October,157.817273,11,1,Apple
59,October,157.817273,12,1,Apple
60,November,172.406191,1,0,Apple
61,November,172.406191,2,1,Apple
62,November,172.406191,3,0,Apple
63,November,172.406191,4,1,Apple
64,November,172.406191,5,0,Apple
65,November,172.406191,6,1,Apple
66,November,172.406191,7,1,Apple
67,November,172.406191,8,1,Apple
68,November,172.406191,9,1,Apple
69,November,172.406191,10,1,Apple
70,November,172.406191,11,1,Apple
71,November,172.406191,12,1,Apple
72,December,171.8915,1,1,Apple
73,December,171.8915,2,0,Apple
74,December,171.8915,3,1,Apple
75,December,171.8915,4,0,Apple
76,December,171.8915,5,1,Apple
77,December,171.8915,6,1,Apple
78,December,171.8915,7,1,Apple
79,December,171.8915,8,1,Apple
80,December,171.8915,9,1,Apple
81,December,171.8915,10,1,Apple
82,December,171.8915,11,1,Apple
83,December,171.8915,12,0,Apple
84,January,174.005237,1,0,Apple
85,January,174.005237,2,1,Apple
86,January,174.005237,3,0,Apple
87,January,174.005237,4,1,Apple
88,January,174.005237,5,1,Apple
89,January,174.005237,6,1,Apple
90,January,174.005237,7,1,Apple
91,January,174.005237,8,1,Apple
92,January,174.005237,9,1,Apple
93,January,174.005237,10,1,Apple
94,January,174.005237,11,0,Apple
95,January,174.005237,12,0,Apple
96,February,167.638947,1,1,Apple
97,February,167.638947,2,1,Apple
98,February,167.638947,3,1,Apple
99,February,167.638947,4,1,Apple
100,February,167.638947,5,1,Apple
101,February,167.638947,6,1,Apple
102,February,167.638947,7,1,Apple
103,February,167.638947,8,1,Apple
104,February,167.638947,9,1,Apple
105,February,167.638947,10,0,Apple
106,February,167.638947,11,0,Apple
107,February,167.638947,12,1,Apple
108,March,174.496192,1,0,Apple
109,March,174.496192,2,1,Apple
110,March,174.496192,3,1,Apple
111,March,174.496192,4,1,Apple
112,March,174.496192,5,1,Apple
113,March,174.496192,6,1,Apple
114,March,174.496192,7,1,Apple
115,March,174.496192,8,1,Apple
116,March,174.496192,9,0,Apple
117,March,174.496192,10,0,Apple
118,March,174.496192,11,0,Apple
119,March,174.496192,12,1,Apple
120,April,169.834287,1,1,Apple
121,April,169.834287,2,1,Apple
122,April,169.834287,3,1,Apple
123,April,169.834287,4,1,Apple
124,April,169.834287,5,1,Apple
125,April,169.834287,6,1,Apple
126,April,169.834287,7,1,Apple
127,April,169.834287,8,0,Apple
128,April,169.834287,9,0,Apple
129,April,169.834287,10,1,Apple
130,April,169.834287,11,1,Apple
131,April,169.834287,12,1,Apple
132,May,185.536818,1,1,Apple
133,May,185.536818,2,1,Apple
134,May,185.536818,3,1,Apple
135,May,185.536818,4,1,Apple
136,May,185.536818,5,1,Apple
137,May,185.536818,6,1,Apple
138,May,185.536818,7,0,Apple
139,May,185.536818,8,0,Apple
140,May,185.536818,9,0,Apple
141,May,185.536818,10,0,Apple
142,May,185.536818,11,1,Apple
143,May,185.536818,12,1,Apple
144,June,188.621429,1,1,Apple
145,June,188.621429,2,1,Apple
146,June,188.621429,3,1,Apple
147,June,188.621429,4,1,Apple
148,June,188.621429,5,1,Apple
149,June,188.621429,6,0,Apple
150,June,188.621429,7,0,Apple
151,June,188.621429,8,0,Apple
152,June,188.621429,9,0,Apple
153,June,188.621429,10,1,Apple
154,June,188.621429,11,1,Apple
155,June,188.621429,12,1,Apple
156,July,190.311429,1,1,Apple
157,July,190.311429,2,1,Apple
158,July,190.311429,3,1,Apple
159,July,190.311429,4,1,Apple
160,July,190.311429,5,0,Apple
161,July,190.311429,6,0,Apple
162,July,190.311429,7,0,Apple
163,July,190.311429,8,0,Apple
164,July,190.311429,9,1,Apple
165,July,190.311429,10,1,Apple
166,July,190.311429,11,1,Apple
167,July,190.311429,12,1,Apple
168,August,213.346089,1,1,Apple
169,August,213.346089,2,1,Apple
170,August,213.346089,3,0,Apple
171,August,213.346089,4,0,Apple
172,August,213.346089,5,0,Apple
173,August,213.346089,6,0,Apple
174,August,213.346089,7,0,Apple
175,August,213.346089,8,0,Apple
176,August,213.346089,9,0,Apple
177,August,213.346089,10,0,Apple
178,August,213.346089,11,0,Apple
179,August,213.346089,12,0,Apple
180,September,222.073685,1,0,Apple
181,September,222.073685,2,0,Apple
182,September,222.073685,3,0,Apple
183,September,222.073685,4,0,Apple
184,September,222.073685,5,0,Apple
185,September,222.073685,6,0,Apple
186,September,222.073685,7,0,Apple
187,September,222.073685,8,0,Apple
188,September,222.073685,9,0,Apple
189,September,222.073685,10,0,Apple
190,September,222.073685,11,0,Apple
191,September,222.073685,12,0,Apple
192,October,220.845652,1,0,Apple
193,October,220.845652,2,0,Apple
194,October,220.845652,3,0,Apple
195,October,220.845652,4,0,Apple
196,October,220.845652,5,0,Apple
197,October,220.845652,6,0,Apple
198,October,220.845652,7,0,Apple
199,October,220.845652,8,0,Apple
200,October,220.845652,9,0,Apple
201,October,220.845652,10,0,Apple
202,October,220.845652,11,0,Apple
203,October,220.845652,12,1,Apple
204,November,191.235714,1,0,Apple
205,November,191.235714,2,0,Apple
206,November,191.235714,3,0,Apple
207,November,191.235714,4,0,Apple
208,November,191.235714,5,1,Apple
209,November,191.235714,6,1,Apple
210,November,191.235714,7,1,Apple
211,November,191.235714,8,1,Apple
212,November,191.235714,9,1,Apple
213,November,191.235714,10,1,Apple
214,November,191.235714,11,1,Apple
215,November,191.235714,12,1,Apple
216,December,164.266317,1,0,Apple
217,December,164.266317,2,1,Apple
218,December,164.266317,3,1,Apple
219,December,164.266317,4,1,Apple
220,December,164.266317,5,1,Apple
221,December,164.266317,6,1,Apple
222,December,164.266317,7,1,Apple
223,December,164.266317,8,1,Apple
224,December,164.266317,9,1,Apple
225,December,164.266317,10,1,Apple
226,December,164.266317,11,1,Apple
227,December,164.266317,12,1,Apple
228,January,154.16619,1,1,Apple
229,January,154.16619,2,1,Apple
230,January,154.16619,3,1,Apple
231,January,154.16619,4,1,Apple
232,January,154.16619,5,1,Apple
233,January,154.16619,6,1,Apple
234,January,154.16619,7,1,Apple
235,January,154.16619,8,1,Apple
236,January,154.16619,9,1,Apple
237,January,154.16619,10,1,Apple
238,January,154.16619,11,1,Apple
239,January,154.16619,12,1,Apple
240,February,171.727893,1,1,Apple
241,February,171.727893,2,1,Apple
242,February,171.727893,3,1,Apple
243,February,171.727893,4,1,Apple
244,February,171.727893,5,1,Apple
245,February,171.727893,6,1,Apple
246,February,171.727893,7,1,Apple
247,February,171.727893,8,1,Apple
248,February,171.727893,9,1,Apple
249,February,171.727893,10,1,Apple
250,February,171.727893,11,1,Apple
251,February,171.727893,12,1,Apple
252,March,183.29381,1,1,Apple
253,March,183.29381,2,1,Apple
254,March,183.29381,3,1,Apple
255,March,183.29381,4,1,Apple
256,March,183.29381,5,1,Apple
257,March,183.29381,6,1,Apple
258,March,183.29381,7,1,Apple
259,March,183.29381,8,1,Apple
260,March,183.29381,9,1,Apple
261,March,183.29381,10,1,Apple
262,March,183.29381,11,1,Apple
263,March,183.29381,12,1,Apple
264,April,200.516191,1,0,Apple
265,April,200.516191,2,0,Apple
266,April,200.516191,3,1,Apple
267,April,200.516191,4,1,Apple
268,April,200.516191,5,1,Apple
269,April,200.516191,6,1,Apple
270,April,200.516191,7,1,Apple
271,April,200.516191,8,1,Apple
272,April,200.516191,9,1,Apple
273,April,200.516191,10,1,Apple
274,April,200.516191,11,1,Apple
275,April,200.516191,12,1,Apple
276,May,191.273637,1,1,Apple
277,May,191.273637,2,1,Apple
278,May,191.273637,3,1,Apple
279,May,191.273637,4,1,Apple
280,May,191.273637,5,1,Apple
281,May,191.273637,6,1,Apple
282,May,191.273637,7,1,Apple
283,May,191.273637,8,1,Apple
284,May,191.273637,9,1,Apple
285,May,191.273637,10,1,Apple
286,May,191.273637,11,1,Apple
287,May,191.273637,12,1,Apple
288,June,192.969,1,1,Apple
289,June,192.969,2,1,Apple
290,June,192.969,3,1,Apple
291,June,192.969,4,1,Apple
292,June,192.969,5,1,Apple
293,June,192.969,6,1,Apple
294,June,192.969,7,1,Apple
295,June,192.969,8,1,Apple
296,June,192.969,9,1,Apple
297,June,192.969,10,1,Apple
298,June,192.969,11,1,Apple
299,July,205.216364,1,0,Apple
300,July,205.216364,2,1,Apple
301,July,205.216364,3,1,Apple
302,July,205.216364,4,1,Apple
303,July,205.216364,5,1,Apple
304,July,205.216364,6,1,Apple
305,July,205.216364,7,1,Apple
306,July,205.216364,8,1,Apple
307,July,205.216364,9,1,Apple
308,July,205.216364,10,1,Apple
309,August,204.957728,1,1,Apple
310,August,204.957728,2,1,Apple
311,August,204.957728,3,1,Apple
312,August,204.957728,4,1,Apple
313,August,204.957728,5,1,Apple
314,August,204.957728,6,1,Apple
315,August,204.957728,7,1,Apple
316,August,204.957728,8,1,Apple
317,August,204.957728,9,1,Apple
318,September,217.994999,1,1,Apple
319,September,217.994999,2,1,Apple
320,September,217.994999,3,1,Apple
321,September,217.994999,4,1,Apple
322,September,217.994999,5,1,Apple
323,September,217.994999,6,1,Apple
324,September,217.994999,7,1,Apple
325,September,217.994999,8,1,Apple
326,October,235.286521,1,1,Apple
327,October,235.286521,2,1,Apple
328,October,235.286521,3,1,Apple
329,October,235.286521,4,1,Apple
330,October,235.286521,5,1,Apple
331,October,235.286521,6,1,Apple
332,October,235.286521,7,1,Apple
333,November,262.520503,1,1,Apple
334,November,262.520503,2,1,Apple
335,November,262.520503,3,1,Apple
336,November,262.520503,4,0,Apple
337,November,262.520503,5,1,Apple
338,November,262.520503,6,1,Apple
339,December,276.52571,1,1,Apple
340,December,276.52571,2,1,Apple
341,December,276.52571,3,0,Apple
342,December,276.52571,4,0,Apple
343,December,276.52571,5,1,Apple
344,January,311.916191,1,0,Apple
345,January,311.916191,2,0,Apple
346,January,311.916191,3,0,Apple
347,January,311.916191,4,0,Apple
348,February,311.270522,1,0,Apple
349,February,311.270522,2,0,Apple
350,February,311.270522,3,0,Apple
351,March,262.444092,1,1,Apple
352,March,262.444092,2,1,Apple
353,April,272.386188,1,1,Apple
0,June,152.079545,1,1,Facebook
1,June,152.079545,2,1,Facebook
2,June,152.079545,3,1,Facebook
3,June,152.079545,4,1,Facebook
4,June,152.079545,5,1,Facebook
5,June,152.079545,6,1,Facebook
6,June,152.079545,7,1,Facebook
7,June,152.079545,8,1,Facebook
8,June,152.079545,9,1,Facebook
9,June,152.079545,10,1,Facebook
10,June,152.079545,11,1,Facebook
11,June,152.079545,12,1,Facebook
12,July,160.532499,1,1,Facebook
13,July,160.532499,2,1,Facebook
14,July,160.532499,3,1,Facebook
15,July,160.532499,4,1,Facebook
16,July,160.532499,5,1,Facebook
17,July,160.532499,6,1,Facebook
18,July,160.532499,7,1,Facebook
19,July,160.532499,8,1,Facebook
20,July,160.532499,9,1,Facebook
21,July,160.532499,10,1,Facebook
22,July,160.532499,11,1,Facebook
23,July,160.532499,12,1,Facebook
24,August,169.16,1,1,Facebook
25,August,169.16,2,1,Facebook
26,August,169.16,3,1,Facebook
27,August,169.16,4,1,Facebook
28,August,169.16,5,1,Facebook
29,August,169.16,6,1,Facebook
30,August,169.16,7,1,Facebook
31,August,169.16,8,0,Facebook
32,August,169.16,9,1,Facebook
33,August,169.16,10,1,Facebook
34,August,169.16,11,1,Facebook
35,August,169.16,12,1,Facebook
36,September,170.591,1,1,Facebook
37,September,170.591,2,1,Facebook
38,September,170.591,3,1,Facebook
39,September,170.591,4,1,Facebook
40,September,170.591,5,1,Facebook
41,September,170.591,6,1,Facebook
42,September,170.591,7,0,Facebook
43,September,170.591,8,1,Facebook
44,September,170.591,9,1,Facebook
45,September,170.591,10,1,Facebook
46,September,170.591,11,1,Facebook
47,September,170.591,12,0,Facebook
48,October,173.30682,1,1,Facebook
49,October,173.30682,2,1,Facebook
50,October,173.30682,3,1,Facebook
51,October,173.30682,4,1,Facebook
52,October,173.30682,5,1,Facebook
53,October,173.30682,6,0,Facebook
54,October,173.30682,7,1,Facebook
55,October,173.30682,8,1,Facebook
56,October,173.30682,9,1,Facebook
57,October,173.30682,10,1,Facebook
58,October,173.30682,11,0,Facebook
59,October,173.30682,12,0,Facebook
60,November,179.696667,1,0,Facebook
61,November,179.696667,2,1,Facebook
62,November,179.696667,3,1,Facebook
63,November,179.696667,4,0,Facebook
64,November,179.696667,5,0,Facebook
65,November,179.696667,6,1,Facebook
66,November,179.696667,7,1,Facebook
67,November,179.696667,8,1,Facebook
68,November,179.696667,9,0,Facebook
69,November,179.696667,10,0,Facebook
70,November,179.696667,11,0,Facebook
71,November,179.696667,12,0,Facebook
72,December,177.4165,1,1,Facebook
73,December,177.4165,2,1,Facebook
74,December,177.4165,3,0,Facebook
75,December,177.4165,4,0,Facebook
76,December,177.4165,5,1,Facebook
77,December,177.4165,6,1,Facebook
78,December,177.4165,7,1,Facebook
79,December,177.4165,8,1,Facebook
80,December,177.4165,9,0,Facebook
81,December,177.4165,10,0,Facebook
82,December,177.4165,11,0,Facebook
83,December,177.4165,12,0,Facebook
84,January,184.962856,1,0,Facebook
85,January,184.962856,2,0,Facebook
86,January,184.962856,3,0,Facebook
87,January,184.962856,4,0,Facebook
88,January,184.962856,5,1,Facebook
89,January,184.962856,6,1,Facebook
90,January,184.962856,7,0,Facebook
91,January,184.962856,8,0,Facebook
92,January,184.962856,9,0,Facebook
93,January,184.962856,10,0,Facebook
94,January,184.962856,11,0,Facebook
95,January,184.962856,12,0,Facebook
96,February,180.269474,1,0,Facebook
97,February,180.269474,2,0,Facebook
98,February,180.269474,3,1,Facebook
99,February,180.269474,4,1,Facebook
100,February,180.269474,5,1,Facebook
101,February,180.269474,6,0,Facebook
102,February,180.269474,7,0,Facebook
103,February,180.269474,8,0,Facebook
104,February,180.269474,9,0,Facebook
105,February,180.269474,10,0,Facebook
106,February,180.269474,11,0,Facebook
107,February,180.269474,12,0,Facebook
108,March,173.489522,1,0,Facebook
109,March,173.489522,2,1,Facebook
110,March,173.489522,3,1,Facebook
111,March,173.489522,4,1,Facebook
112,March,173.489522,5,1,Facebook
113,March,173.489522,6,0,Facebook
114,March,173.489522,7,0,Facebook
115,March,173.489522,8,0,Facebook
116,March,173.489522,9,0,Facebook
117,March,173.489522,10,0,Facebook
118,March,173.489522,11,0,Facebook
119,March,173.489522,12,0,Facebook
120,April,163.810476,1,1,Facebook
121,April,163.810476,2,1,Facebook
122,April,163.810476,3,1,Facebook
123,April,163.810476,4,1,Facebook
124,April,163.810476,5,1,Facebook
125,April,163.810476,6,0,Facebook
126,April,163.810476,7,0,Facebook
127,April,163.810476,8,0,Facebook
128,April,163.810476,9,0,Facebook
129,April,163.810476,10,1,Facebook
130,April,163.810476,11,1,Facebook
131,April,163.810476,12,1,Facebook
132,May,182.93,1,1,Facebook
133,May,182.93,2,1,Facebook
134,May,182.93,3,0,Facebook
135,May,182.93,4,0,Facebook
136,May,182.93,5,0,Facebook
137,May,182.93,6,0,Facebook
138,May,182.93,7,0,Facebook
139,May,182.93,8,0,Facebook
140,May,182.93,9,0,Facebook
141,May,182.93,10,0,Facebook
142,May,182.93,11,0,Facebook
143,May,182.93,12,1,Facebook
144,June,195.267619,1,1,Facebook
145,June,195.267619,2,0,Facebook
146,June,195.267619,3,0,Facebook
147,June,195.267619,4,0,Facebook
148,June,195.267619,5,0,Facebook
149,June,195.267619,6,0,Facebook
150,June,195.267619,7,0,Facebook
151,June,195.267619,8,0,Facebook
152,June,195.267619,9,0,Facebook
153,June,195.267619,10,0,Facebook
154,June,195.267619,11,0,Facebook
155,June,195.267619,12,0,Facebook
156,July,199.967142,1,0,Facebook
157,July,199.967142,2,0,Facebook
158,July,199.967142,3,0,Facebook
159,July,199.967142,4,0,Facebook
160,July,199.967142,5,0,Facebook
161,July,199.967142,6,0,Facebook
162,July,199.967142,7,0,Facebook
163,July,199.967142,8,0,Facebook
164,July,199.967142,9,0,Facebook
165,July,199.967142,10,0,Facebook
166,July,199.967142,11,0,Facebook
167,July,199.967142,12,0,Facebook
168,August,177.492172,1,0,Facebook
169,August,177.492172,2,0,Facebook
170,August,177.492172,3,0,Facebook
171,August,177.492172,4,0,Facebook
172,August,177.492172,5,0,Facebook
173,August,177.492172,6,0,Facebook
174,August,177.492172,7,0,Facebook
175,August,177.492172,8,1,Facebook
176,August,177.492172,9,1,Facebook
177,August,177.492172,10,1,Facebook
178,August,177.492172,11,1,Facebook
179,August,177.492172,12,1,Facebook
180,September,164.377368,1,0,Facebook
181,September,164.377368,2,0,Facebook
182,September,164.377368,3,0,Facebook
183,September,164.377368,4,0,Facebook
184,September,164.377368,5,1,Facebook
185,September,164.377368,6,1,Facebook
186,September,164.377368,7,1,Facebook
187,September,164.377368,8,1,Facebook
188,September,164.377368,9,1,Facebook
189,September,164.377368,10,1,Facebook
190,September,164.377368,11,1,Facebook
191,September,164.377368,12,1,Facebook
192,October,154.187826,1,0,Facebook
193,October,154.187826,2,0,Facebook
194,October,154.187826,3,0,Facebook
195,October,154.187826,4,1,Facebook
196,October,154.187826,5,1,Facebook
197,October,154.187826,6,1,Facebook
198,October,154.187826,7,1,Facebook
199,October,154.187826,8,1,Facebook
200,October,154.187826,9,1,Facebook
201,October,154.187826,10,1,Facebook
202,October,154.187826,11,1,Facebook
203,October,154.187826,12,1,Facebook
204,November,141.635715,1,0,Facebook
205,November,141.635715,2,1,Facebook
206,November,141.635715,3,1,Facebook
207,November,141.635715,4,1,Facebook
208,November,141.635715,5,1,Facebook
209,November,141.635715,6,1,Facebook
210,November,141.635715,7,1,Facebook
211,November,141.635715,8,1,Facebook
212,November,141.635715,9,1,Facebook
213,November,141.635715,10,1,Facebook
214,November,141.635715,11,1,Facebook
215,November,141.635715,12,1,Facebook
216,December,137.161052,1,1,Facebook
217,December,137.161052,2,1,Facebook
218,December,137.161052,3,1,Facebook
219,December,137.161052,4,1,Facebook
220,December,137.161052,5,1,Facebook
221,December,137.161052,6,1,Facebook
222,December,137.161052,7,1,Facebook
223,December,137.161052,8,1,Facebook
224,December,137.161052,9,1,Facebook
225,December,137.161052,10,1,Facebook
226,December,137.161052,11,1,Facebook
227,December,137.161052,12,1,Facebook
228,January,145.422857,1,1,Facebook
229,January,145.422857,2,1,Facebook
230,January,145.422857,3,1,Facebook
231,January,145.422857,4,1,Facebook
232,January,145.422857,5,1,Facebook
233,January,145.422857,6,1,Facebook
234,January,145.422857,7,1,Facebook
235,January,145.422857,8,1,Facebook
236,January,145.422857,9,1,Facebook
237,January,145.422857,10,1,Facebook
238,January,145.422857,11,1,Facebook
239,January,145.422857,12,1,Facebook
240,February,164.813684,1,1,Facebook
241,February,164.813684,2,1,Facebook
242,February,164.813684,3,1,Facebook
243,February,164.813684,4,1,Facebook
244,February,164.813684,5,1,Facebook
245,February,164.813684,6,1,Facebook
246,February,164.813684,7,1,Facebook
247,February,164.813684,8,1,Facebook
248,February,164.813684,9,1,Facebook
249,February,164.813684,10,1,Facebook
250,February,164.813684,11,1,Facebook
251,February,164.813684,12,1,Facebook
252,March,167.411428,1,1,Facebook
253,March,167.411428,2,1,Facebook
254,March,167.411428,3,1,Facebook
255,March,167.411428,4,1,Facebook
256,March,167.411428,5,1,Facebook
257,March,167.411428,6,1,Facebook
258,March,167.411428,7,1,Facebook
259,March,167.411428,8,1,Facebook
260,March,167.411428,9,1,Facebook
261,March,167.411428,10,1,Facebook
262,March,167.411428,11,1,Facebook
263,March,167.411428,12,0,Facebook
264,April,180.544285,1,1,Facebook
265,April,180.544285,2,1,Facebook
266,April,180.544285,3,1,Facebook
267,April,180.544285,4,1,Facebook
268,April,180.544285,5,1,Facebook
269,April,180.544285,6,1,Facebook
270,April,180.544285,7,1,Facebook
271,April,180.544285,8,1,Facebook
272,April,180.544285,9,1,Facebook
273,April,180.544285,10,1,Facebook
274,April,180.544285,11,0,Facebook
275,April,180.544285,12,0,Facebook
276,May,186.082273,1,0,Facebook
277,May,186.082273,2,1,Facebook
278,May,186.082273,3,0,Facebook
279,May,186.082273,4,0,Facebook
280,May,186.082273,5,0,Facebook
281,May,186.082273,6,1,Facebook
282,May,186.082273,7,1,Facebook
283,May,186.082273,8,1,Facebook
284,May,186.082273,9,1,Facebook
285,May,186.082273,10,0,Facebook
286,May,186.082273,11,0,Facebook
287,May,186.082273,12,1,Facebook
288,June,181.2745,1,1,Facebook
289,June,181.2745,2,1,Facebook
290,June,181.2745,3,1,Facebook
291,June,181.2745,4,1,Facebook
292,June,181.2745,5,1,Facebook
293,June,181.2745,6,1,Facebook
294,June,181.2745,7,1,Facebook
295,June,181.2745,8,1,Facebook
296,June,181.2745,9,0,Facebook
297,June,181.2745,10,0,Facebook
298,June,181.2745,11,1,Facebook
299,July,199.595454,1,0,Facebook
300,July,199.595454,2,0,Facebook
301,July,199.595454,3,0,Facebook
302,July,199.595454,4,0,Facebook
303,July,199.595454,5,1,Facebook
304,July,199.595454,6,1,Facebook
305,July,199.595454,7,1,Facebook
306,July,199.595454,8,0,Facebook
307,July,199.595454,9,0,Facebook
308,July,199.595454,10,1,Facebook
309,August,184.497726,1,1,Facebook
310,August,184.497726,2,0,Facebook
311,August,184.497726,3,1,Facebook
312,August,184.497726,4,1,Facebook
313,August,184.497726,5,1,Facebook
314,August,184.497726,6,1,Facebook
315,August,184.497726,7,0,Facebook
316,August,184.497726,8,0,Facebook
317,August,184.497726,9,1,Facebook
318,September,185.735,1,0,Facebook
319,September,185.735,2,1,Facebook
320,September,185.735,3,1,Facebook
321,September,185.735,4,1,Facebook
322,September,185.735,5,1,Facebook
323,September,185.735,6,0,Facebook
324,September,185.735,7,0,Facebook
325,September,185.735,8,1,Facebook
326,October,184.383912,1,1,Facebook
327,October,184.383912,2,1,Facebook
328,October,184.383912,3,1,Facebook
329,October,184.383912,4,1,Facebook
330,October,184.383912,5,0,Facebook
331,October,184.383912,6,0,Facebook
332,October,184.383912,7,1,Facebook
333,November,195.7185,1,1,Facebook
334,November,195.7185,2,1,Facebook
335,November,195.7185,3,1,Facebook
336,November,195.7185,4,0,Facebook
337,November,195.7185,5,0,Facebook
338,November,195.7185,6,1,Facebook
339,December,201.951904,1,1,Facebook
340,December,201.951904,2,1,Facebook
341,December,201.951904,3,0,Facebook
342,December,201.951904,4,0,Facebook
343,December,201.951904,5,1,Facebook
344,January,216.643333,1,0,Facebook
345,January,216.643333,2,0,Facebook
346,January,216.643333,3,0,Facebook
347,January,216.643333,4,0,Facebook
348,February,207.505263,1,0,Facebook
349,February,207.505263,2,0,Facebook
350,February,207.505263,3,0,Facebook
351,March,165.747727,1,1,Facebook
352,March,165.747727,2,1,Facebook
353,April,177.003335,1,1,Facebook
